!!!SELLING SEXY FEET PIC !!!!! 5$ per pic!!10$ for custom!!, https://houston.craigslist.org/bts/d/houston-selling-sexy-feet-pic-5-per/7162374454.html 
===>SPECIALS...SEW INS, QUICK WEAVES & WIGS. BOOK TODAY!, https://houston.craigslist.org/bts/d/humble-specialssew-ins-quick-weaves/7162068499.html 
$100 Knotless braids & $90 Box Braids, https://houston.craigslist.org/bts/d/houston-100-knotless-braids-90-box/7161915806.html 
African Hair braider, https://houston.craigslist.org/bts/d/richmond-african-hair-braider/7161876843.html 
HAIR BRAIDING! HAIR BRAIDING!! HAIR BRAIDING!!!, https://houston.craigslist.org/bts/d/pearland-hair-braiding-hair-braiding/7161859071.html 
Bundle deals ğŸ˜‡ğŸ˜ğŸ˜ğŸ˜˜starting at 200ğŸ˜ğŸ˜‡ğŸ˜, https://houston.craigslist.org/bts/d/houston-bundle-deals-starting-at-200/7161536830.html 
***Specials All Month Long*** Kid Braids $30/ Box Braids $100 & More!!, https://houston.craigslist.org/bts/d/houston-specials-all-month-long-kid/7161531147.html 
ğŸ’ Buy hair get free sew-in, $100 sewins, $100 crotchet, $100 updo, https://houston.craigslist.org/bts/d/houston-buy-hair-get-free-sew-in-100/7161414436.html 
CROTCHET ONLY $50!DISCOUNT OFFER, https://houston.craigslist.org/bts/d/houston-crotchet-only-50-discount-offer/7161408147.html 
Licensed HairStylist Book Your Appointment, https://houston.craigslist.org/bts/d/houston-licensed-hairstylist-book-your/7161402388.html 
ğŸŒ¹ğŸŒ¹ğŸŒ¹MEDIUM BOX BRAIDS PROMO! GRAB THIS DEAL ğŸŒ¹ğŸŒ¹ğŸŒ¹, https://houston.craigslist.org/bts/d/houston-medium-box-braids-promo-grab/7161358700.html 
Body Contouring, https://houston.craigslist.org/bts/d/houston-body-contouring/7161356455.html 
Open Today #Braids #Crochetbraids #Sewins #color, https://houston.craigslist.org/bts/d/spring-open-today-braids-crochetbraids/7161013839.html 
Andii&&Emilyâ€™s, https://houston.craigslist.org/bts/d/houston-andiiemilys/7160978011.html 
Microbraid Takedown, Wash & Condition, https://houston.craigslist.org/bts/d/houston-microbraid-takedown-wash/7160900673.html 
She'sADiva Styles, https://houston.craigslist.org/bts/d/houston-shesadiva-styles/7160751339.html 
Body Contouring, https://houston.craigslist.org/bts/d/houston-body-contouring/7160652837.html 
Andii&&Emilyâ€™s, https://houston.craigslist.org/bts/d/houston-andiiemilys/7160606442.html 
AmazingAndiiğŸ˜š, https://houston.craigslist.org/bts/d/houston-amazingandii/7160485741.html 
@@@ The best massage @@@, https://houston.craigslist.org/bts/d/houston-the-best-massage/7160418522.html 
Braids and Flawless sew inâ€™s by Anna, https://houston.craigslist.org/bts/d/houston-braids-and-flawless-sew-ins-by/7160398360.html 
***Specials All Month Long*** Kid Braids $30/ Box Braids $100 & More!!, https://houston.craigslist.org/bts/d/houston-specials-all-month-long-kid/7160282826.html 
ğŸŒ¹ğŸŒ¹ğŸŒ¹MEDIUM BOX BRAIDS PROMO! GRAB THIS DEAL ğŸŒ¹ğŸŒ¹ğŸŒ¹, https://houston.craigslist.org/bts/d/houston-medium-box-braids-promo-grab/7160275231.html 
Private PPO Health Insurance, https://houston.craigslist.org/bts/d/houston-private-ppo-health-insurance/7160248403.html 
SPA LATINO ViP, https://houston.craigslist.org/bts/d/houston-spa-latino-vip/7160230203.html 
Braids on special!! Neat Boxbraids, Senegalese/kinky twist, https://houston.craigslist.org/bts/d/houston-braids-on-special-neat/7160215021.html 
Box Braids and Natural Styles, https://houston.craigslist.org/bts/d/league-city-box-braids-and-natural/7160083383.html 
Best sew ins and frontal installations (wash included), https://houston.craigslist.org/bts/d/houston-best-sew-ins-and-frontal/7160053317.html 
loc extensions retwist loc repair traveling stylist, https://houston.craigslist.org/bts/d/houston-loc-extensions-retwist-loc/7159939099.html 
Knotless/box braids, Senegalese twist, goddess loc 24hr hairstylist, https://houston.craigslist.org/bts/d/houston-knotless-box-braids-senegalese/7159932037.html 
Bundles on handğŸ‘€ğŸ‘€ğŸ˜ğŸ˜ğŸ˜‡Available Right NowğŸ˜‡ğŸ˜ğŸ˜ğŸ˜, https://houston.craigslist.org/bts/d/houston-bundles-on-handavailable-right/7159887678.html 
Personal Trainer, https://houston.craigslist.org/bts/d/houston-personal-trainer/7159798101.html 
ğŸŒ¹ğŸŒ¹ğŸŒ¹MEDIUM BOX BRAID PROMO! GRAB THIS DEAL ğŸŒ¹ğŸŒ¹ğŸŒ¹, https://houston.craigslist.org/bts/d/houston-medium-box-braid-promo-grab/7159795222.html 
Body Contouring, https://houston.craigslist.org/bts/d/houston-body-contouring/7159734349.html 
***Specials All Month Long*** Kid Braids $30/ Box Braids $100 & More!!, https://houston.craigslist.org/bts/d/houston-specials-all-month-long-kid/7159722127.html 
ğŸŒ¹ğŸŒ¹ğŸŒ¹MEDIUM BOX BRAIDS PROMO! GRAB THIS DEAL ğŸŒ¹ğŸŒ¹ğŸŒ¹, https://houston.craigslist.org/bts/d/houston-medium-box-braids-promo-grab/7159650900.html 
â€¼ï¸ $65 Crochet Braidsâ€¼ï¸$70 Sew-ins â€¼ï¸Closure/Frontalâ€¼ï¸$40 make-u, https://houston.craigslist.org/bts/d/houston-65-crochet-braids70-sew-ins/7159596607.html 
Knotless Braids, Box Braids, Scalp Braids, Sew-Ins and Many More, https://houston.craigslist.org/bts/d/richmond-knotless-braids-box-braids/7159435359.html 
Looking for the best stylist? 1 on 1 appointments, https://houston.craigslist.org/bts/d/houston-looking-for-the-best-stylist-1/7159396013.html 
ğŸ’ Buy hair get free sew-in, $100 sewins, $100 crotchet, $100 updo, https://houston.craigslist.org/bts/d/houston-buy-hair-get-free-sew-in-100/7159358735.html 
Loc Maintenance & REPAIR, https://houston.craigslist.org/bts/d/houston-loc-maintenance-repair/7159298910.html 
AFFORDABLE SEW-INS/INDIV CROCHET, https://houston.craigslist.org/bts/d/pearland-affordable-sew-ins-indiv/7159268718.html 
Call today- #Silk Blowouts $40 and more, https://houston.craigslist.org/bts/d/spring-call-today-silk-blowouts-40-and/7159239637.html 
@@@ The best massage @@@, https://houston.craigslist.org/bts/d/houston-the-best-massage/7159185041.html 
***Specials All Month Long*** Kid Braids $30/ Box Braids $100 & More!!, https://houston.craigslist.org/bts/d/houston-specials-all-month-long-kid/7159143492.html 
Non Invasive Lipo Cavitation, https://houston.craigslist.org/bts/d/houston-non-invasive-lipo-cavitation/7159059077.html 
AFFORDABLE STYLIST: BRAIDS, FAUX LOCS, & SEWINS. ASK ABOUT HOUSE CALLS, https://houston.craigslist.org/bts/d/houston-affordable-stylist-braids-faux/7159029036.html 
Box Braid Special!!!!!$50&Up, https://houston.craigslist.org/bts/d/barker-box-braid-special50up/7158904379.html 
Hair braiding special, https://houston.craigslist.org/bts/d/channelview-hair-braiding-special/7158874228.html 
Experience The NEW YOU!, https://houston.craigslist.org/bts/d/houston-experience-the-new-you/7158871333.html 
Edith Lopez cleaning services, https://houston.craigslist.org/bts/d/houston-edith-lopez-cleaning-services/7158859557.html 
Mobile Braider, https://houston.craigslist.org/bts/d/cypress-mobile-braider/7158813552.html 
Lily African braiding, https://houston.craigslist.org/bts/d/alief-lily-african-braiding/7158720887.html 
ğŸ’‹ğŸ’‹ğŸ’‹PROFESSIONALBRIDAL/PARTYMAKEUP and HAIR Special $40, https://houston.craigslist.org/bts/d/houston-professionalbridal-party-makeup/7158600619.html 
Body Contouring Certification Class, https://houston.craigslist.org/bts/d/houston-body-contouring-certification/7158562494.html 
THE BEST AFRICAN HAIR BRAIDING SALON ON HUFFMEISTER Rd!!!!, https://houston.craigslist.org/bts/d/houston-the-best-african-hair-braiding/7158561965.html 
Lifestyle Photographer & Stylist, https://houston.craigslist.org/bts/d/sugar-land-lifestyle-photographer/7158541980.html 
EXCLUSIVELY FOR HUR, https://houston.craigslist.org/bts/d/houston-exclusively-for-hur/7158478866.html 
"Sin"sational pampering, https://houston.craigslist.org/bts/d/humble-sinsational-pampering/7158464950.html 
$100 MEDIUM BOX BRAIDS special, $140 KNOTLESS BRAIDS, https://houston.craigslist.org/bts/d/houston-100-medium-box-braids-special/7158409661.html 
BECKY AFRICAN BRAIDER, https://houston.craigslist.org/bts/d/houston-becky-african-braider/7158329847.html 
ğŸŒ¹ğŸŒ¹ğŸŒ¹MEDIUM BOX BRAIDS PROMO! GRAB THIS DEAL ğŸŒ¹ğŸŒ¹ğŸŒ¹, https://houston.craigslist.org/bts/d/houston-medium-box-braids-promo-grab/7158247627.html 
PROFFESSIONAL HAIR BRAIDING, https://houston.craigslist.org/bts/d/houston-proffessional-hair-braiding/7158087457.html 
Relaxing Oil Massage, https://houston.craigslist.org/bts/d/katy-relaxing-oil-massage/7157698334.html 
Cortes y color para mujers, hombres y niÃ±os, https://houston.craigslist.org/bts/d/houston-cortes-color-para-mujers/7157472146.html 
@@@ The best massage @@@, https://houston.craigslist.org/bts/d/houston-the-best-massage/7157454231.html 
Massage Therapy, https://houston.craigslist.org/bts/d/houston-massage-therapy/7157349573.html 
ğŸ’ğŸ¾â€â™€ï¸Book here free sew in with any purchase ğŸ’ğŸ¾â€â™€ï¸, https://houston.craigslist.org/bts/d/houston-book-here-free-sew-in-with-any/7157345068.html 
Licensed Mobile Barber, https://houston.craigslist.org/bts/d/houston-licensed-mobile-barber/7157290521.html 
Milanii BlissğŸ’¦, https://houston.craigslist.org/bts/d/houston-milanii-bliss/7157219997.html 
***Specials All Month Long*** Kid Braids $30/ Box Braids $100 & More!!, https://houston.craigslist.org/bts/d/houston-specials-all-month-long-kid/7156925564.html 
*** Sew-In Weave w/ Brazil Hair $200*Box Braids$100! Kid braids $75, https://houston.craigslist.org/bts/d/houston-sew-in-weave-brazil-hair-200box/7156820213.html 
FREE WEAVE!!! W/HAIR PURCHASE!!, https://houston.craigslist.org/bts/d/houston-free-weave-hair-purchase/7156689261.html 
Body Contouring, https://houston.craigslist.org/bts/d/houston-body-contouring/7156649593.html 
AFRICAN BRAIDER, https://houston.craigslist.org/bts/d/houston-african-braider/7156643208.html 
Good Braids at good prices, https://houston.craigslist.org/bts/d/houston-good-braids-at-good-prices/7156413345.html 
@@@ The best massage @@@, https://houston.craigslist.org/bts/d/houston-the-best-massage/7156247131.html 
ğŸŒ¹ğŸŒ¹ğŸŒ¹MEDIUM BOX BRAIDS PROMO! GRAB THIS DEAL ğŸŒ¹ğŸŒ¹ğŸŒ¹, https://houston.craigslist.org/bts/d/houston-medium-box-braids-promo-grab/7156159372.html 
Barbers/Stylist/Lash Artist, https://houston.craigslist.org/bts/d/houston-barbers-stylist-lash-artist/7156049715.html 
STOP! YOU FOUND YOUR STYLIST, https://houston.craigslist.org/bts/d/houston-stop-you-found-your-stylist/7155978461.html 
AFFORDABLE STYLIST: BRAIDS, FAUX LOCS, & SEWINS. ASK ABOUT HOUSE CALLS, https://houston.craigslist.org/bts/d/houston-affordable-stylist-braids-faux/7155518526.html 
All Sew-Ins $80 ADVANCED BOOKING HIGHLY SUGGESTED!!, https://houston.craigslist.org/bts/d/sugar-land-all-sew-ins-80-advanced/7155500677.html 
Braids, lashes, quick weaves, sew ins , dreads, crochet and more!!!, https://houston.craigslist.org/bts/d/houston-braids-lashes-quick-weaves-sew/7155443823.html 
Licensed Male Massage Therapist, https://houston.craigslist.org/bts/d/houston-licensed-male-massage-therapist/7155270630.html 
â™¥ï¸ DELUXE SEW IN 85 "Downtown" â™¥ï¸ FREE PARKING, https://houston.craigslist.org/bts/d/houston-deluxe-sew-in-85-downtown-free/7155120435.html 
*** Sew-In Weave w/ Brazil Hair $200*Box Braids$100! Kid braids $75, https://houston.craigslist.org/bts/d/houston-sew-in-weave-brazil-hair-200box/7155036434.html 
Webcam fun bisexual or not come by and take a look, https://houston.craigslist.org/bts/d/porter-webcam-fun-bisexual-or-not-come/7154829173.html 
Tratamientos relajantes para hombres, https://houston.craigslist.org/bts/d/houston-tratamientos-relajantes-para/7154821347.html 
25 % OFF at TU ES BELLE SPA, https://houston.craigslist.org/bts/d/bellaire-25-off-at-tu-es-belle-spa/7154800611.html 
ğŸŒ¹ğŸŒ¹ğŸŒ¹MEDIUM BOX BRAIDS PROMO! GRAB THIS DEAL ğŸŒ¹ğŸŒ¹ğŸŒ¹, https://houston.craigslist.org/bts/d/houston-medium-box-braids-promo-grab/7154762238.html 
Health Coach, Nutrition Help, Training Guidance, Workout Programs, https://houston.craigslist.org/bts/d/bedford-health-coach-nutrition-help/7154577563.html 
Bohemian braids, Sew ins "Downtown" â™¥ï¸ I Travel by appointment, https://houston.craigslist.org/bts/d/houston-bohemian-braids-sew-ins/7154544105.html 
Braidshoustontx, https://houston.craigslist.org/bts/d/cleveland-braidshoustontx/7154414079.html 
$50Basic Sewin Special, https://houston.craigslist.org/bts/d/50-basic-sewin-special/7154379011.html 
Silk Press and Braid specials, https://houston.craigslist.org/bts/d/houston-silk-press-and-braid-specials/7154367870.html 
Silk press $45 SPECIAL, https://houston.craigslist.org/bts/d/katy-silk-press-45-special/7154285109.html 
MALE LMT, https://houston.craigslist.org/bts/d/houston-male-lmt/7154063572.html 
ğŸ’ Buy hair get free sew-in, $100 sewins, $100 crotchet, $100 updo, https://houston.craigslist.org/bts/d/houston-buy-hair-get-free-sew-in-100/7153925282.html 
Nutriologa con 15 aÃ±os de experiencia ofrece Juices Naturales, https://houston.craigslist.org/bts/d/tomball-nutriologa-con-15-aos-de/7153909918.html 
@@@ The best massage @@@, https://houston.craigslist.org/bts/d/houston-the-best-massage/7153874691.html 
All Sew-Ins $80 Advanced Booking Highly Suggested!!, https://houston.craigslist.org/bts/d/stafford-all-sew-ins-80-advanced/7153708993.html 
â™¥ï¸Knotless BRAIDS INCLUDING HAIRâ™¥ï¸ I Travel by appointment, https://houston.craigslist.org/bts/d/houston-knotless-braids-including-hair/7153486079.html 
THE BEST AFRICAN HAIR BRAIDING SALON ON HUFFMEISTER Rd!!!!, https://houston.craigslist.org/bts/d/houston-the-best-african-hair-braiding/7153354551.html 
*** MODELS WITH LIPO OR DRAIN SCARS NEEDED ***, https://houston.craigslist.org/bts/d/houston-models-with-lipo-or-drain-scars/7153182591.html 
$100 MEDIUM BOX BRAIDS special, $140 KNOTLESS BRAIDS, https://houston.craigslist.org/bts/d/houston-100-medium-box-braids-special/7153150464.html 
*** Sew-In Weave w/ Brazil Hair $200*Box Braids$100! Kid braids $75, https://houston.craigslist.org/bts/d/houston-sew-in-weave-brazil-hair-200box/7152840080.html 
Join Avon free 25% discount, https://houston.craigslist.org/bts/d/pearland-join-avon-free-25-discount/7152774193.html 
Mobile braider and stylist, https://houston.craigslist.org/bts/d/houston-mobile-braider-and-stylist/7152408638.html 
Inspire African Hair Braiding, https://houston.craigslist.org/bts/d/houston-inspire-african-hair-braiding/7152387948.html 
ğŸŒ¹ğŸŒ¹ğŸŒ¹MEDIUM BOX BRAIDS PROMO! GRAB THIS DEAL ğŸŒ¹ğŸŒ¹ğŸŒ¹, https://houston.craigslist.org/bts/d/houston-medium-box-braids-promo-grab/7152159530.html 
Body Contouring, https://houston.craigslist.org/bts/d/houston-body-contouring/7152096714.html 
$$$ MAKE MONEY HELPING US LOCATE PEOPLE WITH LONG OR THICK HAIR! $$$, https://houston.craigslist.org/bts/d/houston-make-money-helping-us-locate/7152081419.html 
Bundles, Frontals, Braids, Faux Locs Specialist, https://houston.craigslist.org/bts/d/houston-bundles-frontals-braids-faux/7152077865.html 
Boxbraids $100â€¼ï¸Sew In $85â€¼ï¸, https://houston.craigslist.org/bts/d/houston-boxbraids-100sew-in-85/7152070293.html 
â€¼ï¸ $65 Crochet Braidsâ€¼ï¸$70 Sew-ins â€¼ï¸Closure/Frontalâ€¼ï¸$40 make-u, https://houston.craigslist.org/bts/d/houston-65-crochet-braids70-sew-ins/7152008406.html 
*** Sew-In Weave w/ Brazil Hair $200*Box Braids$100! Kid braids $75, https://houston.craigslist.org/bts/d/houston-sew-in-weave-brazil-hair-200box/7151738185.html 
@@@ The best massage @@@, https://houston.craigslist.org/bts/d/houston-the-best-massage/7151736846.html 
Independent massage therapist, supporting a healthy bodyğŸ§–ğŸ»â€â™€ï¸ğŸ§–, https://houston.craigslist.org/bts/d/houston-independent-massage-therapist/7151667047.html 
Mobile Body Wrap/infrared sauna and body sculpting, https://houston.craigslist.org/bts/d/houston-mobile-body-wrap-infrared-sauna/7151608136.html 
EXCLUSIVELY FOR HUR (Pampering Sessions), https://houston.craigslist.org/bts/d/houston-exclusively-for-hur-pampering/7151606423.html 
